qid,doc_id,seedA,seedB,packedN_A,packedN_B,common_u,same_nn,diff_nn,picked_A,picked_B,avg_abs_l2_gap,delta_total,prematched_flow,prematch_ratio,residual_mass,nz_plus,nz_minus,prematch_cost,baseline_A,residual_A,total_A,improve_A,baseline_B,residual_B,total_B,improve_B,t_parse,t_compare,t_prematch,t_costA_base,t_costA_res,t_costB_base,t_costB_res,t_total
0,0,110,111,174,159,34,0,34,17,17,0.645047037040486,0.9534883720930234,0.25581395348837205,0.2682926829268292,0.6976744186046513,33,30,1.296618028394827,5.602993011474609,4.262121200561523,5.55873922895635,0.0442537825182594,5.660527229309082,4.1511006355285645,5.447718663923391,0.21280856538569104,0.00011240099956921767,0.009306542000558693,0.00010349999956815736,0.7843454290004956,0.39833909800017864,0.4018451700003425,0.4035929780002334,1.9976538179998897
0,1,110,111,137,124,33,6,27,20,13,0.35886719010092993,0.9705882352941178,0.40497737556561103,0.4172494172494174,0.5656108597285068,22,17,2.249483386315911,5.931135177612305,3.6351218223571777,5.884605208673088,0.04652996893921646,5.958291530609131,3.6925885677337646,5.942071954049675,0.016219576559455717,0.00024430099983874243,0.0008042039999054396,0.00015310100025089923,0.39887915600047563,0.40039686300042376,0.3970590489998358,0.39962435999950685,1.5971703340001113
0,2,110,111,113,107,33,3,30,16,17,0.8932386889602199,0.9705882352941178,0.44343891402714936,0.45687645687645684,0.5271493212669683,21,8,2.409927744671231,6.016258239746094,3.485055923461914,5.894983668133145,0.12127457161294863,6.057068347930908,3.4079082012176514,5.817835945888882,0.23923240204202578,0.00011079999967478216,0.0005780029996458325,8.509999952366343e-05,0.3971589490001861,0.3928889299995717,0.39537984099933965,0.4076308979992973,1.5938419209996937
0,3,110,111,146,135,33,2,31,13,20,0.8057748693408389,0.9705882352941178,0.3739495798319327,0.38528138528138517,0.5966386554621851,22,20,1.9921332061791621,5.552578449249268,3.7732532024383545,5.765386408617516,-0.2128079593682486,5.9106974601745605,3.8180971145629883,5.81023032074215,0.10046713943241059,0.0001125999997384497,0.0006695040001432062,0.00010099999963131268,0.3939078339999469,0.3941240359999938,0.40329797899994446,0.4000979640004516,1.5923195169998507
0,4,110,111,599,526,34,1,33,21,13,0.8144234138376573,0.9814126394052046,0.0594795539033457,0.06060606060606057,0.9219330855018587,34,248,0.29696847692298184,6.033804416656494,5.722066402435303,6.019034879358284,0.014769537298209734,6.084588527679443,5.7564826011657715,6.053451078088753,0.031137449590690203,0.00012730000071314862,0.0005856030002178159,0.00031160099933913443,0.415451935999954,0.4111651160001202,0.4080311009993238,0.39733545200033404,1.6330175090006378
0,5,110,111,165,153,34,1,33,18,16,0.7468858185936423,0.9487179487179489,0.17948717948717946,0.18918918918918912,0.7692307692307693,34,30,0.9592720484122252,6.06298828125,5.069074630737305,6.02834667914953,0.034641602100469626,6.006856918334961,5.051833629608154,6.01110567802038,-0.004248759685419046,0.00011880100009875605,0.0006159030008348054,0.00014370000008057104,0.4002594660005343,0.39581365199956053,0.40178502699927776,0.3998257179991924,1.598572267000236
0,6,110,111,606,522,34,3,31,18,16,1.1091082937577192,0.9846153846153848,0.06153846153846154,0.06249999999999999,0.9230769230769234,34,240,0.33119463462096,6.099759101867676,5.745638847351074,6.076833481972034,0.022925619895641347,6.133167743682861,5.777114391326904,6.1083090259478645,0.024858717734996816,0.00011489999997138511,0.0006636030002482585,0.0003055020006286213,0.39195438000024296,0.39293758500025433,0.396449603000292,0.40241733099992416,1.5848526039999342
0,7,110,111,323,278,34,2,32,22,12,0.8854835769709419,0.990909090909091,0.13636363636363638,0.13761467889908258,0.8545454545454543,34,94,0.6605157494544983,5.828949928283691,5.0219550132751465,5.682470762729645,0.14647916555404628,5.899478912353516,5.195439338684082,5.855955088138581,0.04352382421493495,0.00011670000003505265,0.0005933029997322592,0.0002107009995597764,0.4080982590003259,0.39811921100044856,0.40014442000028794,0.3965483040001345,1.6038399979997848
0,8,110,111,171,152,34,0,34,19,15,0.7787487436743343,1.0,0.27499999999999997,0.27499999999999997,0.725,34,29,1.4616436600685119,6.218672752380371,4.571127891540527,6.03277155160904,0.18590120077133143,6.078145980834961,4.631110668182373,6.092754328250885,-0.014608347415924428,0.00011340099990775343,0.0006172029998197104,0.00011339999946358148,0.39496299600068596,0.392905487000462,0.39674290499988274,0.3932212879999497,1.5786867799997708
0,9,110,111,155,143,34,5,29,20,14,0.8884311633951524,1.0,0.3111954459203036,0.3111954459203036,0.6888045540796964,24,25,1.5729227317126022,6.0339813232421875,4.424667835235596,5.9975905669481975,0.03639075629399002,6.21014928817749,4.40781831741333,5.980741049125932,0.22940823905155838,0.00011610100045800209,0.0005784029999631457,0.00012229999992996454,0.39239888500014786,0.39297208700008923,0.39704920799977117,0.4051064459999907,1.5883524300006684
0,10,110,111,270,254,34,2,32,20,14,0.8331499450347003,1.0,0.15384615384615383,0.15384615384615383,0.8461538461538466,34,77,0.7493971075330462,6.090459823608398,5.31125020980835,6.060647317341396,0.02981250626700227,6.065332412719727,5.308626651763916,6.058023759296963,0.007308653422763989,0.00011809999978140695,0.0006286029993134434,0.0001437009996152483,0.4021699320001062,0.4033684389996779,0.399620528000014,0.40692726299948845,1.612985765999838
0,11,110,111,310,271,34,1,33,10,24,0.6208621614119586,0.9911504424778762,0.11504424778761062,0.11607142857142856,0.8761061946902655,34,99,0.5865068794351763,6.1667938232421875,5.585160255432129,6.171667134867305,-0.004873311625117616,6.250580787658691,5.5740509033203125,6.160557782755489,0.0900230049032027,0.0001198009995277971,0.0006010030001561972,0.00015870100014581112,0.4026664430002711,0.4040282500000103,0.41599680699982855,0.4010833360007382,1.6246647409998332
0,12,110,111,135,122,34,1,33,15,19,0.8139603278216194,1.0,0.3925831202046037,0.3925831202046037,0.6074168797953964,24,16,2.1058610851502477,5.738648414611816,3.5888452529907227,5.69470633814097,0.043942076470846025,5.838738918304443,3.775970220565796,5.881831305716044,-0.043092387411600264,0.00012580000020534499,0.000629103000392206,0.00010710100013966439,0.3942749030002233,0.3980060220001178,0.3960514119999061,0.39894692599955306,1.588150967000729
0,13,110,111,141,130,33,5,28,19,14,0.6219447742808949,0.9705882352941178,0.20798319327731096,0.2142857142857143,0.7626050420168069,27,23,1.0988666139730887,6.0419745445251465,4.851913928985596,5.950780542958684,0.09119400156646229,5.963225841522217,4.862736701965332,5.9616033159384205,0.0016225255837962749,0.00011240000003454043,0.0005624030000035418,9.169999975711107e-05,0.39264789600019867,0.40311064700017596,0.39850632500019856,0.394544906000192,1.5895854770005826
0,14,110,111,156,145,34,5,29,24,10,0.6978794055826524,1.0,0.24816176470588233,0.24816176470588233,0.7518382352941178,26,25,1.1618828791029312,6.148447513580322,4.9171624183654785,6.07904529746841,0.06940221611191255,6.331684589385986,4.910117149353027,6.0720000284559585,0.2596845609300278,0.00011600099969655275,0.0005805020000479999,9.760100056155352e-05,0.4018927419992906,0.40145923900035996,0.4129026949995023,0.39739792100044724,1.6144556010003726
0,15,110,111,849,805,34,1,33,17,17,0.6907225216136259,0.9902676399026765,0.0389294403892944,0.039312039312039304,0.9513381995133822,34,391,0.19668383957985833,5.93707799911499,5.7288079261779785,5.925491765757837,0.011586233357153475,6.057425022125244,5.836887836456299,6.033571676036157,0.02385334608908707,0.00011820000054285629,0.0005881030001546605,0.00037510200036194874,0.4020285429996875,0.3933870990003925,0.3950861539997277,0.39792796800065844,1.58952096899975
0,16,110,111,277,261,34,2,32,19,15,0.8035914407056921,1.0,0.14893617021276592,0.14893617021276592,0.8510638297872344,34,80,0.7271239275627948,5.850088119506836,5.10106897354126,5.828192901104055,0.02189521840278097,6.0211992263793945,5.191735744476318,5.918859672039114,0.10233955434028097,0.00012050100031046895,0.0005671019998771953,0.00018410099983157124,0.3966388620001453,0.3913388370001485,0.3982813700004044,0.39889507299994875,1.5860358460004136
0,17,110,111,1533,1504,34,0,34,18,16,1.10619457153713,0.9926739926739928,0.02808302808302807,0.028290282902829013,0.9645909645909648,34,790,0.13457978303033644,6.1541948318481445,6.0086469650268555,6.143226748057192,0.010968083790952932,6.29549503326416,6.131658554077148,6.266238337107485,0.029256696156675588,0.00011799999992945231,0.000575903000026301,0.0006482030003098771,0.4041067979997024,0.40093188199989527,0.4018164869994507,0.3992510759999277,1.607457448999412
0,18,110,111,113,101,34,0,34,14,20,0.7689870385562673,1.0,0.5135746606334841,0.5135746606334841,0.4864253393665159,19,9,2.8030512392251206,5.918086528778076,3.0288143157958984,5.831865555021019,0.08622097375705717,6.016383647918701,2.989656686782837,5.7927079260079575,0.2236757219107437,0.00012089999927411554,0.0005644029997711186,0.00010400100018159719,0.39276644399978977,0.40596300800007157,0.40362649600047007,0.3980888699998104,1.6012437220006177
0,19,110,111,257,230,34,5,29,19,15,0.7907904737135943,0.9885057471264369,0.12643678160919541,0.12790697674418605,0.8620689655172415,34,75,0.7007020040490161,6.200977325439453,5.430564880371094,6.13126688442011,0.06971044101934343,6.221803665161133,5.4951887130737305,6.195890717122746,0.025912948038386396,0.00011830099992948817,0.0005733030002375017,0.00013790000048174988,0.39586075999977766,0.401534687000094,0.40118608600005246,0.4030787940000664,1.6024986309994347
0,20,110,111,131,120,34,1,33,19,15,1.0094609260559082,1.0,0.3785166240409208,0.3785166240409208,0.6214833759590793,24,17,2.0376404130550294,6.135992527008057,3.897218704223633,5.934859117278663,0.20113340972939397,6.094151973724365,3.921663761138916,5.959304174193946,0.13484779953041937,0.0001609010005267919,0.0007261029995788704,0.00011700100003508851,0.39519245700012107,0.3950640570001269,0.39468346100056806,0.4014064920002056,1.5873607720004657
0,21,110,111,102,91,33,4,29,16,17,0.6498731772104899,0.9705882352941178,0.5032679738562091,0.5185185185185185,0.46732026143790867,19,5,2.883056935142068,5.925450801849365,2.9330904483795166,5.816147383521585,0.10930341832778012,6.1394453048706055,3.0259265899658203,5.908983525107889,0.23046177976271665,0.00011560100028873421,0.0006315029995676014,9.299999965151073e-05,0.3958579669997562,0.40426650600056746,0.4101569340000424,0.3994193840007938,1.6105497950002245
0,22,110,111,244,248,34,2,32,19,15,0.9560306212481331,0.9873417721518989,0.18987341772151906,0.19230769230769235,0.7974683544303801,34,63,1.1163130047955092,6.193878173828125,5.090381622314453,6.206694627109963,-0.01281645328183778,6.343769550323486,5.221042156219482,6.337355161014992,0.0064143893084942505,0.00011740099944290705,0.0005573019998337259,0.00015320100010285387,0.41596986199965613,0.40287609999995766,0.39436676100012846,0.3972874739993131,1.6113369009999587
0,23,110,111,225,218,34,4,30,18,16,0.5858214392381556,0.9855072463768118,0.24637681159420297,0.25000000000000006,0.739130434782609,34,51,1.2418917987657632,6.1201605796813965,4.817532062530518,6.059423861296281,0.060736718385115296,6.218609809875488,4.833128452301025,6.075020251066789,0.14358955880869928,0.00011550099952728488,0.0005777030000899686,0.00012770000012096716,0.39425475999996706,0.39608927000062977,0.40982823399917834,0.39611986900035845,1.597122236999894
0,24,110,111,237,210,34,3,31,22,12,0.6027206953834084,0.9861111111111112,0.1944444444444445,0.19718309859154934,0.7916666666666666,34,57,0.9707017209794787,5.660444736480713,4.7699875831604,5.740689304139879,-0.08024456765916632,5.875288963317871,4.743739128112793,5.714440849092272,0.1608481142255993,0.00011780099976022029,0.0005702019998352625,0.00012810099997295765,0.3938902589998179,0.40765892499985057,0.40821592700012843,0.40294000199992297,1.6135311170000932
0,25,110,111,220,208,34,3,31,15,19,0.9511726533665377,0.9843750000000001,0.27941176470588236,0.2838468720821662,0.7049632352941178,33,46,1.6088133272440994,6.097054958343506,4.4304375648498535,6.039250892093953,0.05780406624955248,6.148085594177246,4.453708171844482,6.062521499088582,0.0855640950886638,0.00013660100012202747,0.0006038030005584005,0.00013290100014273776,0.40862702899994474,0.3947939640002005,0.4090647220000392,0.4067750120002529,1.6201440320000984
0,26,110,111,97,89,34,2,32,8,26,1.1953232007868149,1.0,0.4607843137254902,0.4607843137254902,0.5392156862745099,19,5,2.8114534219106035,6.611446380615234,4.008352279663086,6.8198057015736895,-0.2083593209584551,6.7193169593811035,3.8776280879974365,6.68908150990804,0.030235449473063447,0.00012980100018467056,0.0006429029999708291,9.240100007446017e-05,0.3988712740001574,0.39138723999985814,0.3966201650000585,0.4020955899995897,1.5898493740005506
0,27,110,111,286,258,34,3,31,18,16,0.6130925872746635,0.9696969696969697,0.15151515151515152,0.15625,0.8181818181818181,34,81,0.7550229002731017,5.7011027336120605,4.912452220916748,5.66747512118985,0.033627612422210795,5.830824375152588,4.999451637268066,5.754474537541168,0.07634983761141978,0.000125400999422709,0.0005991030002405751,0.00016060000052675605,0.39158854200013593,0.3962595630000578,0.3992146780001349,0.40276629399977537,1.5907237809997241
0,28,110,111,182,164,34,5,29,21,13,0.8477188944816589,0.9387755102040818,0.20408163265306117,0.217391304347826,0.7346938775510203,33,36,1.1289667683202966,5.922791004180908,4.701208114624023,5.83017488294432,0.09261612123658836,6.133064270019531,4.981515884399414,6.1104826527197105,0.022581617299820778,0.0001246009996975772,0.0006054019995644921,0.00011690100018313387,0.3977080710001246,0.3945715560003009,0.4016670890005116,0.4030528969997249,1.5978562169993893
0,29,110,111,122,110,34,0,34,8,26,0.8040699327693266,1.0,0.30514705882352944,0.30514705882352944,0.6948529411764707,24,13,1.630441734019448,6.349562168121338,4.505274295806885,6.135716029826333,0.21384613829500498,6.392803192138672,4.675903797149658,6.306345531169106,0.08645766096956553,0.0001235999998243642,0.0005937030000495724,9.08009997147019e-05,0.41000392899968574,0.39315425000040705,0.4082044209999367,0.4161433589997614,1.628323662999719
0,30,110,111,189,168,34,6,28,16,18,0.6478414605645573,1.0,0.18,0.18,0.8200000000000001,34,41,1.0659713411331178,6.117913722991943,5.14210319519043,6.208074536323547,-0.09016081333160386,6.143004894256592,5.0839385986328125,6.14990993976593,-0.006905045509338237,0.00011699999959091656,0.0005723029998989659,0.00011630100016191136,0.39049993800017546,0.39485195799989015,0.40664877299968794,0.4043444629996884,1.5971604360001947
0,31,110,111,110,99,33,1,32,14,19,0.9449737360983184,0.9705882352941178,0.5630252100840336,0.58008658008658,0.40756302521008403,16,9,2.9501945621827077,5.704442501068115,2.5867702960968018,5.536964858279509,0.16747764278860622,5.867861747741699,2.707087516784668,5.657282078967375,0.210579668774324,0.00011619999986578478,0.0005547030004890985,9.279999994760146e-05,0.3980869340002755,0.39200310599972,0.3976746329999514,0.3998864429995592,1.5884246190007616
0,32,110,111,109,101,34,3,31,14,20,0.8638348298914292,1.0,0.4509803921568628,0.4509803921568628,0.5490196078431373,22,8,2.230880758341621,5.932202339172363,3.665316343307495,5.896197101649117,0.03600523752324669,6.324924945831299,3.8616693019866943,6.092550060328316,0.23237488550298302,0.00011839999933727086,0.0006111029997555306,0.00010259999999107094,0.3937152150001566,0.39986474299985275,0.40166045099977055,0.395325722999587,1.5914081350001652
0,33,110,111,159,149,34,3,31,19,15,0.976412766120013,1.0,0.3235294117647059,0.3235294117647059,0.6764705882352942,23,23,1.698926554006689,6.108926296234131,4.18298864364624,5.881915197652929,0.22701109858120194,6.295072078704834,4.334682941436768,6.033609495443456,0.2614625832613777,0.00011900099980266532,0.0005858020003870479,9.540100018057274e-05,0.3944579179997163,0.41091929499998514,0.4060018720001608,0.4057304709995151,1.6179192600002352
0,34,110,111,237,208,34,1,33,15,19,0.9322805018985972,0.9863013698630138,0.1780821917808219,0.18055555555555552,0.8082191780821917,34,59,0.8337565333875891,5.978324890136719,5.017702579498291,5.85145911288588,0.12686577725083836,5.970851421356201,5.011262893676758,5.845019427064347,0.125831994291854,0.00012350099950708682,0.0006068020002203411,0.00013600100010080496,0.4083604830002514,0.3914718060004816,0.3984590379996007,0.3999977450002916,1.5991645759995663
0,35,110,111,1037,926,34,1,33,15,19,0.8966700013946084,0.9980276134122289,0.04339250493096649,0.04347826086956523,0.9546351084812623,34,484,0.20390487305041133,6.10026741027832,5.878295421600342,6.082200294650753,0.018067115627567354,6.198260307312012,5.966244697570801,6.170149570621212,0.028110736690799776,0.00011860099948535208,0.0006079029999455088,0.0004476020003494341,0.3977051350002512,0.3929805130001114,0.3980809330005286,0.40374515900020924,1.5936954459994013
0,36,110,111,219,199,34,5,29,19,15,0.7189023985582239,1.0,0.16923076923076924,0.16923076923076924,0.8307692307692308,34,54,0.8036356082329382,6.034412384033203,5.166367530822754,5.9700031390556925,0.06440924497751066,6.038525104522705,5.19485330581665,5.998488914049589,0.04003619047311613,0.00011699999959091656,0.000569603000258212,0.0001274010000997805,0.3959342230000402,0.39378051299991057,0.4200691349997214,0.4225720460008233,1.6331797209995784
0,37,110,111,1319,1168,34,1,33,16,18,0.7160124673562891,0.989795918367347,0.036443148688046656,0.03681885125184095,0.9533527696793,34,654,0.18241252513390588,5.923340797424316,5.744210720062256,5.926623245196161,-0.003282447771844943,5.892841815948486,5.715354919433594,5.897767444567499,-0.004925628619012912,0.00012590099959197687,0.0005995020001137163,0.0005927030006205314,0.4069917750002787,0.4197718340001302,0.4046941639999204,0.41769002500041097,1.6504759039999044
0,38,110,111,246,226,34,5,29,19,15,0.7612625640981338,1.0,0.17333333333333334,0.17333333333333334,0.8266666666666668,34,62,0.9043540732065838,5.913235187530518,5.019047737121582,5.923401810328166,-0.010166622797648017,5.942209243774414,5.006522178649902,5.910876251856486,0.031332991917928155,0.00012580000020534499,0.0006036029999449966,0.00015220100067381281,0.4091808849998415,0.40867808399980277,0.39987214299981133,0.3997766419997788,1.6183986579999328
0,39,110,111,171,151,34,2,32,14,20,0.8661574966767255,1.0,0.325,0.325,0.6749999999999999,34,27,1.8325642764568333,5.898239612579346,3.9268078804016113,5.759372156858444,0.1388674557209013,6.020405292510986,3.900629997253418,5.733194273710251,0.2872110188007353,0.00011620100030995673,0.0005791029998363229,0.00010599999950500205,0.40269265599999926,0.39482302000033087,0.39734603199940466,0.41904473199974746,1.6147180440002558
0,40,110,111,276,217,34,7,27,26,8,0.8139921637142405,0.977777777777778,0.12222222222222223,0.12499999999999999,0.8555555555555556,34,77,0.6968778954611885,5.767632484436035,5.06458854675293,5.761466442214118,0.0061660422219169675,5.880134582519531,5.125672340393066,5.822550235854255,0.05758434666527634,0.00012849999984609894,0.0005923030003032181,0.0001482010002291645,0.4027569569998377,0.39862093499959883,0.4173695139998017,0.3965438189998167,1.6161950290006644
0,41,110,111,119,111,33,4,29,20,13,0.6094725493228796,0.9705882352941178,0.47368421052631576,0.48803827751196166,0.496904024767802,24,10,2.5174439857618727,5.85083532333374,3.3645286560058594,5.881972641767732,-0.031137318433991368,5.954530715942383,3.272021532058716,5.789465517820588,0.16506519812179477,0.00011540099967533024,0.0005593020005107974,9.780100026546279e-05,0.41324039499977516,0.40924787699987064,0.39678902000014205,0.4171657139995659,1.6372254099997008
0,42,110,111,239,230,34,0,34,14,20,0.7321248475243064,1.0,0.19230769230769235,0.19230769230769235,0.807692307692308,34,63,1.008476666915111,6.20919942855835,5.167196273803711,6.1756729407188224,0.033526487839527164,6.310978412628174,5.295553207397461,6.3040298743125724,0.0069485383156013825,0.00013720100014324998,0.0005712020001737983,0.00014000099963595858,0.40205314499962697,0.40906487699976424,0.39770592500008206,0.398164326999904,1.607846777999839
0,43,110,111,459,392,34,1,33,18,16,1.1072121227488798,0.9944444444444446,0.10555555555555551,0.10614525139664799,0.8888888888888893,34,160,0.5860846413506402,6.0402936935424805,5.427043437957764,6.013128079308403,0.02716561423407704,6.022764682769775,5.340421676635742,5.926506317986382,0.09625836478339345,0.0001181010002255789,0.0005729019994760165,0.00021090100017318036,0.41092628600017633,0.40574156299953756,0.40156824299992877,0.4197330269998929,1.6388807230005114
0,44,110,111,140,116,34,7,27,23,11,0.6972348409540513,1.0,0.3056265984654732,0.3056265984654732,0.694373401534527,26,18,1.862032665316101,6.212491512298584,4.187614917755127,6.049647583071228,0.16284392922735602,6.017874717712402,4.006914138793945,5.868946804110046,0.14892791360235602,0.00012380099997244542,0.0006402019998859032,0.0001046010002028197,0.41330429799927515,0.4096879810003884,0.41248509400065814,0.400122637000095,1.6364795139998023
0,45,110,111,137,120,34,6,28,17,17,1.1598176325068754,1.0,0.4093137254901962,0.4093137254901962,0.590686274509804,23,17,2.240384092517927,6.099599361419678,3.704799175262451,5.9451832677803775,0.1544160936393002,6.168466567993164,3.86177396774292,6.102158060260846,0.06630850773231778,0.00012860100014222553,0.0006050029996913509,0.00014120000014372636,0.4127223959994808,0.40211504099988815,0.408908067000084,0.4030040409998037,1.627634749000208
0,46,110,111,359,340,34,1,33,17,17,1.1226749034488903,0.992248062015504,0.10852713178294573,0.10937499999999999,0.8837209302325583,34,114,0.5236678502356358,5.988239288330078,5.427340030670166,5.951007880905802,0.037231407424275886,6.155797004699707,5.552407741546631,6.076075591782267,0.07972141291743995,0.00014020099933986785,0.000663003000227036,0.00018100099987350404,0.39728881399969396,0.40394184600063454,0.4041396459997486,0.40215193800031557,1.60851644900049
0,47,110,111,117,112,34,5,29,19,15,0.582368906806497,1.0,0.37132352941176466,0.37132352941176466,0.6286764705882354,22,11,2.2113159894943237,6.359445571899414,4.1087517738342285,6.320067763328552,0.039377808570861816,6.480489253997803,4.147029399871826,6.35834538936615,0.12214386463165283,0.00012519999927462777,0.0005918030001339503,9.940000018104911e-05,0.3955037080004331,0.3936453989999791,0.3991552239995144,0.4056461540003511,1.5947767879997627
0,48,110,111,204,186,34,6,28,21,13,0.761710054734174,0.9811320754716982,0.2452830188679245,0.24999999999999994,0.7358490566037738,34,39,1.3470506038305896,5.858598232269287,4.483365058898926,5.830415662729515,0.02818256953977194,6.1358489990234375,4.5853590965271,5.932409700357689,0.2034392986657485,0.000126801000078558,0.000644803000795946,0.00012130000050092349,0.3936264989997653,0.396599313000479,0.4127551860001404,0.41604140300023573,1.619925305999459
0,49,110,111,176,165,34,5,29,20,14,0.9908828805474674,1.0,0.30232558139534876,0.30232558139534876,0.6976744186046512,34,30,1.5778606492419573,6.014825344085693,4.459162712097168,6.037023361339125,-0.022198017253431956,6.102137088775635,4.539575099945068,6.117435749187026,-0.01529866041139094,0.00012079999942216091,0.0006535029997394304,0.00010870099958992796,0.4003736310005479,0.4130768890008767,0.3958266099998582,0.40177343800041854,1.6119436720000522
0,50,110,111,169,168,34,0,34,10,24,1.526595347067889,1.0,0.2439024390243902,0.2439024390243902,0.7560975609756098,34,31,1.2237410312745631,6.726690769195557,5.300169467926025,6.523910499200588,0.20278026999496834,6.769700527191162,5.571094512939453,6.794835544214016,-0.025135017022853923,0.00011810000069090165,0.0006209030007084948,0.00010110099992743926,0.3959286110002722,0.4071217489999981,0.4175067919995854,0.3996818109999367,1.6210890669999571
0,51,110,111,115,106,34,1,33,11,23,0.9553051205242381,1.0,0.4007352941176471,0.4007352941176471,0.599264705882353,21,11,2.190745958510567,5.988343715667725,3.8924808502197266,6.083226808730293,-0.09488309306256859,6.224100112915039,3.852121353149414,6.042867311659981,0.18123280125505836,0.00011730000005627517,0.0005707029995392077,9.080000018002465e-05,0.39371918399956485,0.41987220299961336,0.4019635219992779,0.40956435599946417,1.6259077680006158
0,52,110,111,163,153,34,2,32,17,17,0.8946503470925724,1.0,0.31428571428571433,0.31428571428571433,0.6857142857142857,34,24,1.575307491847447,6.100971698760986,4.430469989776611,6.005777481624058,0.09519421713692822,6.378181457519531,4.491855621337891,6.067163113185337,0.31101834433419384,0.00012700099978246726,0.000594301999626623,0.00010530100007599685,0.3994242099997791,0.41358087499975227,0.4249615270000504,0.42064730699985375,1.6594507229992814
0,53,110,111,214,201,34,5,29,21,13,0.8926054099026848,0.9508196721311477,0.22613307618129214,0.23782961460446236,0.7246865959498553,33,45,1.2666884385976176,6.04709529876709,4.639029502868652,5.9057179414662695,0.14137735730082035,6.152326583862305,4.7325005531311035,5.999188991728721,0.15313759213358402,0.00013010000020585721,0.0006140030000096885,0.00012760099980368977,0.4106717619997653,0.39669299900015176,0.40264242600005673,0.4017462219999288,1.6126353130002826
0,54,110,111,108,93,34,2,32,32,2,0.9467659627690035,1.0,0.22941176470588237,0.22941176470588237,0.7705882352941178,27,8,1.3841908623190486,6.542642593383789,5.152155876159668,6.536346738478716,0.006295854905072673,6.5482916831970215,5.040719509124756,6.424910371443804,0.1233813117532172,0.0001167009995697299,0.0005593019996013027,7.929999992484227e-05,0.3951501929996084,0.39521149300071556,0.39682150000044203,0.40316982900003495,1.5911172179994537
0,55,110,111,214,203,34,1,33,12,22,0.8585725321489222,0.9841269841269842,0.25396825396825395,0.25806451612903225,0.73015873015873,34,46,1.4093559999314567,6.379070281982422,4.936689853668213,6.346045853599669,0.033024428382752546,6.332233428955078,4.982938766479492,6.392294766410949,-0.0600613374558705,0.0001198010004372918,0.0005667019995598821,0.00012150100064900471,0.39812270600032207,0.39333385000009,0.4212441730005594,0.407977213999402,1.6214946470008726
0,56,110,111,285,233,34,3,31,17,17,0.6663402459200691,0.9690721649484538,0.12371134020618559,0.1276595744680851,0.8453608247422683,34,82,0.6538633292483299,5.874520778656006,5.14431095123291,5.79817428048124,0.07634649817476546,5.949118137359619,5.2505621910095215,5.904425520257852,0.04469261710176742,0.0001187999996545841,0.0006241030005185166,0.00016470100035803625,0.4093637199994191,0.4197211660002722,0.39497915700030717,0.42033026899935066,1.645312116000241
0,57,110,111,96,88,34,6,28,18,16,1.0670838917002958,1.0,0.6008403361344538,0.6008403361344538,0.39915966386554635,17,3,3.5073690574710104,6.293853282928467,2.6090681552886963,6.116437212759706,0.1774160701687606,6.258355617523193,2.5164008140563965,6.023769871527406,0.23458574599578697,0.00012200099990877789,0.0005769020008301595,0.00011900099980266532,0.39796656999988045,0.4064266069999576,0.39994907999971474,0.40141198499986785,1.6065820459998577
0,58,110,111,219,190,34,3,31,25,9,0.7570880967028001,0.9843750000000001,0.203125,0.20634920634920634,0.7812500000000001,34,50,1.0631220284849405,6.166208744049072,5.022392749786377,6.0855147782713175,0.08069396577775478,6.130363464355469,5.023516654968262,6.086638683453202,0.0437247809022665,0.00011760100005631102,0.0006684030004180386,0.0001958009997906629,0.4099523240001872,0.39880157399966265,0.3966101650003111,0.42226217899951735,1.6286173469998175
0,59,110,111,123,113,34,1,33,20,14,1.0950213951223038,1.0,0.388888888888889,0.388888888888889,0.6111111111111112,27,11,2.2875201437208386,6.247802257537842,4.217139720916748,6.504659864637587,-0.2568576070997448,6.744100093841553,4.2167840003967285,6.504304144117567,0.23979594972398566,0.0001613000003999332,0.0005924030001551728,9.669999963080045e-05,0.4138981420001073,0.4026299929992092,0.39896827600023244,0.42390948699994624,1.640266301000338
0,60,110,111,145,136,34,0,34,18,16,0.769112741245943,1.0,0.37394957983193267,0.37394957983193267,0.6260504201680673,23,20,2.2400674048592064,6.510182857513428,4.205748558044434,6.44581596290364,0.06436689460978773,6.480368137359619,4.182216644287109,6.422284049146316,0.05808408821330335,0.00013860099988960428,0.000621802000750904,0.00010990099963237299,0.4039411989997461,0.3983793780007545,0.397917876000065,0.396283069000674,1.5974022259997582
0,61,110,111,156,137,34,3,31,21,13,0.8458087409243864,1.0,0.18566176470588236,0.18566176470588236,0.8143382352941178,28,27,0.9528718038516886,6.146965503692627,5.112163066864014,6.065034870715702,0.08193063297692493,6.054060459136963,5.028947353363037,5.9818191572147255,0.07224130192223743,0.00011979999999311985,0.0006005029999869294,9.690000024420442e-05,0.39164524799980427,0.40142779200050427,0.3966636710001694,0.3943387609997444,1.5849021750000247
0,62,110,111,124,118,33,5,28,17,16,0.7704648465821238,0.9705882352941178,0.4088235294117647,0.42121212121212115,0.5617647058823529,24,13,2.263199914904202,6.197883129119873,3.842421770095825,6.1056216850000276,0.09226144411984549,6.190802574157715,3.8621301651000977,6.1253300800043,0.06547249415341483,0.00011489999997138511,0.0005510029996003141,9.279999994760146e-05,0.39890478100005566,0.404897708000135,0.40314670099996874,0.3974655749998419,1.6051827679993949
0,63,110,111,477,437,34,0,34,22,12,1.0528515331885393,0.9897435897435899,0.09743589743589742,0.09844559585492225,0.8923076923076927,34,174,0.4913016679959418,5.969123363494873,5.4491963386535645,5.940498006649507,0.02862535684536649,6.089287281036377,5.533895969390869,6.025197637386811,0.06408964364956571,0.0001351000000795466,0.0006096030001572217,0.0002203009998993366,0.4122310410002683,0.39750567600003706,0.4095442300003924,0.41155313799936266,1.631809088999944
0,64,110,111,152,136,33,0,33,13,20,0.7153167869105483,0.9705882352941178,0.3003565062388592,0.3094582185491276,0.6702317290552585,23,26,1.561052401010578,5.78525972366333,4.269256591796875,5.830308992807453,-0.04504926914412266,5.9651265144348145,4.028816223144531,5.589868624155109,0.37525789027970546,0.0001240009996763547,0.000686002999827906,0.00011529999937920365,0.392974955999307,0.412215842000478,0.4237761940003111,0.3998319869997431,1.6297341829995275
0,65,110,111,165,156,34,3,31,20,14,0.8444640285828534,1.0,0.2894736842105263,0.2894736842105263,0.7105263157894738,34,27,1.5707947266729254,6.058967590332031,4.378788471221924,5.9495831978948495,0.10938439243718179,6.1890716552734375,4.450018882751465,6.0208136094243905,0.16825804584904702,0.00012810099997295765,0.0006075020000935183,0.00010750099954748293,0.40939152100054343,0.40696479600046587,0.40331567999965046,0.40263747700009844,1.6231626779999715
0,66,110,111,130,118,33,3,30,18,15,0.7125108314282966,0.9705882352941178,0.3475935828877006,0.3581267217630854,0.6229946524064173,25,15,1.8497828500156097,5.761062145233154,3.8141252994537354,5.663908149469345,0.09715399576380968,5.853059768676758,3.920558452606201,5.77034130262181,0.08271846605494737,0.00011750100020435639,0.0005706020001525758,9.550100003252737e-05,0.39525674500055175,0.40067716900011874,0.39984876500057,0.4133384249998926,1.6099142080001911
0,67,110,111,127,117,32,2,30,12,20,1.0387688055634499,0.9411764705882354,0.4224598930481284,0.4488636363636364,0.5187165775401069,22,14,2.269753261045976,5.928648948669434,3.6013684272766113,5.871121688322587,0.05752726034684663,5.90642786026001,3.6344785690307617,5.904231830076737,0.0021960301832724127,0.00012100099957024213,0.0006056029997125734,0.00010459999975864775,0.42109075999997003,0.40314628000032826,0.4240824730004533,0.4176332449997062,1.6667940620000081
0,68,110,111,169,151,34,2,32,20,14,0.8666012742940117,1.0,0.2631578947368421,0.2631578947368421,0.7368421052631581,34,28,1.33269676095561,5.944539546966553,4.582097053527832,5.914793814483442,0.029745732483110743,6.036839485168457,4.535543918609619,5.868240679565229,0.16859880560322793,0.00012150099973951001,0.0005868019998160889,0.00010030100020230748,0.4037674840001273,0.3954590470002586,0.4092610080006125,0.4065261960004136,1.6158325389997117
0,69,110,111,114,98,34,2,32,11,23,0.4144306042615105,1.0,0.5098039215686275,0.5098039215686275,0.49019607843137264,20,8,3.026069818758497,6.206598281860352,3.111677885055542,6.137747703814039,0.06885057804631245,6.136547565460205,3.055272340774536,6.081342159533033,0.055205405927171824,0.00011920100041606929,0.0005665020007654675,8.860100024321582e-05,0.4027394799995818,0.39707155500036606,0.41601873800027533,0.4111619179993795,1.6277761949995693
0,70,110,111,143,127,34,2,32,17,17,0.7520229185328764,1.0,0.32000000000000006,0.32000000000000006,0.6799999999999999,26,17,1.6236340710696051,6.066565990447998,4.4503560066223145,6.07399007769192,-0.00742408724392174,6.068422317504883,4.466599464416504,6.090233535486109,-0.021811217981226427,0.00012070000047970098,0.0005914030007261317,9.859999954642262e-05,0.4129409219995068,0.3972135509993677,0.42880229000002146,0.41351132199997664,1.6532886879995203
0,71,110,111,128,123,33,3,30,11,22,0.8115043278896448,0.9705882352941178,0.3205882352941177,0.3303030303030303,0.65,27,13,1.630958084499135,6.006984710693359,4.157295227050781,5.788253311549916,0.21873139914344364,6.081515312194824,4.190673351287842,5.821631435786976,0.25988387640784794,0.0001167009995697299,0.000587503000133438,8.950000028562499e-05,0.41194701599943073,0.41853304500000377,0.4042038819998197,0.40384278100009396,1.6393290280002475
0,72,110,111,194,182,34,0,34,20,14,1.0393477818545174,0.9821428571428572,0.24999999999999992,0.25454545454545446,0.7321428571428572,34,41,1.3331364904131207,5.978298664093018,4.650643825531006,5.983780315944126,-0.005481651851108715,5.960252285003662,4.544799327850342,5.877935818263462,0.08231646674019988,0.0001195009999719332,0.00056960199981404,0.00011700100003508851,0.39735725199989247,0.40200057299989567,0.40754399800061947,0.40970720699988306,1.6174254340003245
0,73,110,111,131,115,34,1,33,20,14,0.5999706983566284,1.0,0.4588235294117647,0.4588235294117647,0.5411764705882353,24,12,2.4019010796266445,5.890316963195801,3.491976737976074,5.893877817602719,-0.0035608544069178905,6.069827079772949,3.490520715713501,5.892421795340145,0.1774052844328038,0.00012830099967686692,0.0006160020002425881,0.00010340099925087998,0.3986603580005976,0.40814270099963323,0.402012074000595,0.43049109899948235,1.640162935999797
0,74,110,111,183,170,34,1,33,15,19,0.84284788720748,0.9777777777777779,0.24444444444444446,0.25,0.7333333333333332,34,33,1.2600725544823541,5.897568702697754,4.509435653686523,5.769508208168878,0.12806049452887613,5.987002849578857,4.672973155975342,5.933045710457696,0.05395713912116129,0.00012670100022660336,0.0005879030004507513,0.00016289999985019676,0.4185703469993314,0.4166804390006291,0.4258568799996283,0.41482663599981606,1.6768211059998066
0,75,110,111,290,257,34,0,34,19,15,0.9407060812501347,1.0,0.12631578947368424,0.12631578947368424,0.8736842105263157,34,83,0.6050838633587485,5.98919153213501,5.392115592956543,5.9971994563152915,-0.008007924180281734,6.120622634887695,5.472200870513916,6.0772847338726645,0.043337901015030766,0.00012479899942263728,0.0006068949996915762,0.00017049899997800821,0.42096036600014486,0.40705338699990534,0.4105024719992798,0.4009682709993285,1.6403967890000786
0,76,110,111,175,161,34,7,27,23,11,0.6461152048671946,1.0,0.19047619047619047,0.19047619047619047,0.8095238095238096,34,34,1.0501497529801866,6.325814723968506,5.288880348205566,6.339030101185753,-0.013215377217247415,6.279726505279541,5.212189197540283,6.26233895052047,0.017387554759070944,0.0001282009998249123,0.0006222019992492278,0.00010840100003406405,0.39650825099943177,0.41897885100024723,0.4115163180003947,0.40538119099983305,1.6332529149995025
0,77,110,111,456,401,34,2,32,18,16,1.1416025898035835,0.9889502762430941,0.09392265193370165,0.09497206703910613,0.8950276243093925,34,162,0.4787752898358508,5.993352890014648,5.460263252258301,5.939038542094152,0.05431434792049661,5.989512920379639,5.490982532501221,5.969757822337072,0.01975509804256692,0.00016869999944901792,0.0006091029999879538,0.00021950100017420482,0.394606844000009,0.4066650969998591,0.4336088159998326,0.42487307700048405,1.6607615379998606
0,78,110,111,202,179,34,0,34,25,9,1.1876494884490967,1.0,0.22641509433962262,0.22641509433962262,0.7735849056603775,34,41,1.300509749718432,6.417591094970703,4.996367454528809,6.296877204247241,0.12071389072346239,6.511111259460449,5.002735614776611,6.3032453644950435,0.20786589496540575,0.0001247000000148546,0.0006447030000344967,0.00013900100020691752,0.3971469550006077,0.42196356499971444,0.40657839699997567,0.41805954899973585,1.6446672699994451
0,79,110,111,184,166,34,5,29,19,15,0.7450068067101872,0.979591836734694,0.24489795918367344,0.24999999999999994,0.7346938775510204,34,36,1.30598716346585,5.699425220489502,4.269723892211914,5.575711055677764,0.12371416481173814,5.660187244415283,4.4126296043396,5.718616767805449,-0.05842952339016616,0.00012860000060754828,0.000661303000015323,0.00012070100001437822,0.4147287329997198,0.3951809479995063,0.404413188000035,0.4183249629995771,1.633568135999667
0,80,110,111,247,216,34,6,28,20,14,0.6503049766316134,1.0,0.15584415584415587,0.15584415584415587,0.8441558441558442,34,65,0.8315200372175738,5.879271984100342,5.0749359130859375,5.906455950303512,-0.027183966203169874,6.007541656494141,5.141162872314453,5.972682909532027,0.03485874696211333,0.00012870099999418017,0.0006449020002037287,0.00014190100046107545,0.4167813229996682,0.40123725900048157,0.3977754450006614,0.40396967099968606,1.6206890020002902
0,81,110,111,158,146,34,7,27,16,18,0.877050890642054,1.0,0.24999999999999997,0.24999999999999997,0.7500000000000001,26,24,1.5263019642409155,6.521973133087158,4.985069274902344,6.511371239143259,0.010601893943898766,6.176485061645508,4.826915264129639,6.353217228370554,-0.17673216672504655,0.0001291999997192761,0.0006169030002638465,0.00011079999967478216,0.40870519099917146,0.40637908000007883,0.40453027400053543,0.41865883200080134,1.639139979999527
0,82,110,111,162,135,34,5,29,18,16,0.718152733410106,1.0,0.30124777183600726,0.30124777183600726,0.698752228163993,24,25,1.6182078798824449,5.807006359100342,4.263492584228516,5.881700464110961,-0.0746941050106189,5.895175457000732,4.222886562347412,5.841094442229857,0.054081014770875235,0.0001202000003104331,0.0005734030000894563,0.00010430000020278385,0.41507341800024733,0.4110270999999557,0.40760758700071165,0.42645096500018553,1.66096637299961
0,83,110,111,105,96,34,8,26,20,14,0.5464218153673059,1.0,0.4176470588235295,0.4176470588235295,0.5823529411764706,21,7,2.3167136206346397,5.956506729125977,3.6137499809265137,5.930463601561153,0.026043127564823187,6.099952697753906,3.606435775756836,5.923149396391476,0.1768033013624306,0.0001322999996773433,0.0006065030001991545,9.32000002649147e-05,0.407920188999924,0.40693108400046185,0.4033621699991272,0.40528897700005473,1.6243448230006834
0,84,110,111,134,122,34,5,29,14,20,0.6992156751015607,1.0,0.32941176470588235,0.32941176470588235,0.6705882352941177,27,14,1.8698351789923278,6.160820007324219,4.144599437713623,6.014434616705951,0.14638539061826794,5.997193813323975,4.129590034484863,5.999425213477191,-0.002231400153216434,0.00012109999988751952,0.0005830019999848446,8.920100026443833e-05,0.40805797099983465,0.40830828199977987,0.4049845669997012,0.39658382900051947,1.6187381520003328
0,85,110,111,267,251,34,0,34,20,14,1.2526631811085869,1.0,0.1647058823529412,0.1647058823529412,0.8352941176470592,34,71,0.8243295964072732,6.138167381286621,5.214489936828613,6.038819533235887,0.09934784805073438,6.0810089111328125,5.158584117889404,5.982913714296678,0.09809519683613477,0.00012140099988755537,0.0005703019996872172,0.00014040099995327182,0.40927358499993716,0.4167790179999429,0.4250012539996533,0.4078347790000407,1.6597302399995897
0,86,110,111,277,251,34,1,33,16,18,0.7745274024851182,0.9462365591397851,0.15053763440860216,0.15909090909090906,0.795698924731183,34,74,0.7543143098072341,5.738635063171387,4.976241111755371,5.730555421562605,0.008079641608781607,5.839982032775879,5.0732951164245605,5.827609426231795,0.012372606544084341,0.00013269999999465654,0.0006153029999040882,0.00017310099974565674,0.4224444430001313,0.4071552759996848,0.42411735099994985,0.4246724530003121,1.6793200269994486
0,87,110,111,243,233,34,3,31,23,11,0.4609895664102891,1.0,0.1625,0.1625,0.8375000000000005,34,67,0.7649582117795944,5.906726360321045,5.102890491485596,5.8678487032651905,0.03887765705585444,6.066064834594727,5.0117974281311035,5.776755639910698,0.28930919468402827,0.00014270099927671254,0.0006474019992310787,0.00014930099951016018,0.40762507900035416,0.39644793000024947,0.40407586399942375,0.40441306499997154,1.6135118419997525
0,88,110,111,199,181,34,10,24,20,14,0.6750627405503217,0.9642857142857144,0.15441176470588233,0.16013071895424832,0.8098739495798319,33,46,0.8177364911852765,5.871608257293701,4.9899582862854,5.807694777470677,0.06391347982302431,5.912520408630371,5.022284507751465,5.840020998936741,0.07249940969362978,0.00011990100028924644,0.0005661019995386596,0.00011370100037311204,0.3965090310002779,0.4102331909998611,0.42251464400033,0.4227797469993675,1.6528456169999117
0,89,110,111,134,127,34,3,31,16,18,0.8761003964087543,1.0,0.31818181818181823,0.31818181818181823,0.681818181818182,27,15,1.6746862294839666,5.913116931915283,4.465880870819092,6.140567100303058,-0.227450168387775,6.300669193267822,4.444385051727295,6.119071281211261,0.18159791205656095,0.00014210000063030748,0.00067050300003757,9.95010004771757e-05,0.40618127299967455,0.41787522499998886,0.4048983680004312,0.41886672800046654,1.6487435979997827
0,90,110,111,166,142,34,0,34,17,17,0.8610783114152796,0.972972972972973,0.35135135135135137,0.3611111111111111,0.6216216216216217,34,23,1.9392116907480603,5.938830852508545,3.952023506164551,5.891235196912611,0.04759565559593426,5.946465969085693,3.958301544189453,5.897513234937513,0.048952734148180355,0.00013159999980416615,0.0006067029999030638,0.00011170000016136328,0.410431792000054,0.4011187500000233,0.42546875799962436,0.4085064830005649,1.6463857859998825
0,91,110,111,273,241,34,0,34,23,11,1.1222570082720589,0.9770114942528737,0.17241379310344823,0.17647058823529405,0.8045977011494255,34,70,0.9127365309616615,5.906104564666748,4.995519161224365,5.908255692186026,-0.002151127519278262,6.010468482971191,4.9552483558654785,5.86798488682714,0.14248359614405182,0.00014280100003816187,0.0006524020000142627,0.00015230100052576745,0.40897048599981645,0.40154415300003166,0.40277885800060176,0.4243319520001023,1.638583254999503
0,92,110,111,263,224,34,1,33,17,17,0.8929043657639447,0.9880952380952382,0.16666666666666669,0.1686746987951807,0.8214285714285717,34,69,0.8641674177987235,6.160266399383545,5.323406219482422,6.187573637281146,-0.0273072378976007,6.2149834632873535,5.324352741241455,6.188520159040179,0.02646330424717469,0.0001467000001866836,0.0006129029998191982,0.00015210099991236348,0.410685193000063,0.4032625609997922,0.40254405900032,0.3983935400001428,1.6158059569997931
0,93,110,111,168,150,34,2,32,14,20,0.9733458476908067,1.0,0.3076923076923077,0.3076923076923077,0.6923076923076923,34,27,1.6449523400037716,5.996150493621826,4.3442702293396,5.989222569343371,0.006927924278454789,6.01642370223999,4.29888916015625,5.943841500160022,0.07258220207996846,0.00016780100031610345,0.0005770019997726195,0.00010500099961063825,0.41643521900005,0.42065253799955826,0.4270694659999208,0.40128605300014897,1.6663034800003516
0,94,110,111,96,87,34,17,17,22,12,0.27754886010113883,1.0,0.3333333333333333,0.3333333333333333,0.6666666666666669,24,4,2.1861247502121266,6.587903022766113,4.468000888824463,6.6541256390365895,-0.06622261627047621,6.655581474304199,4.474191188812256,6.6603159390243825,-0.00473446472018324,0.00012160100050095934,0.0006034019997969153,7.940100022096885e-05,0.40480716900037805,0.4128099910003584,0.4278962920006961,0.4165733450008702,1.6629007010005807
0,95,110,111,135,125,34,6,28,23,11,0.7624579808291267,1.0,0.4754901960784315,0.4754901960784315,0.5245098039215688,22,14,2.507292670362136,5.904052734375,3.3535120487213135,5.86080471908345,0.04324801529155042,6.080527305603027,3.2901268005371094,5.7974194708992455,0.28310783470378187,0.00012920100016344804,0.000590401999943424,0.00010870099958992796,0.4213218650002091,0.41080342100030975,0.4140404350000608,0.4070371060006437,1.6540406309995888
0,96,110,111,130,119,32,2,30,14,18,1.0353658720850945,0.9411764705882354,0.39304812834224606,0.4176136363636364,0.5481283422459894,23,14,2.1938888612278005,6.032816410064697,3.755746841430664,5.9496357026584645,0.08318070740623273,6.050344944000244,3.6591756343841553,5.853064495611956,0.1972804483882884,0.00012210099976073252,0.0005742020002799109,0.00014130100043985294,0.4094107159999112,0.4161125439995885,0.41466493799998716,0.4113034250003693,1.652339227000084
0,97,110,111,107,95,34,2,32,16,18,0.5074441923814661,1.0,0.48823529411764716,0.48823529411764716,0.511764705882353,19,6,2.9439084333532,6.502902507781982,3.434638738632202,6.378547171985402,0.12435533579658031,6.538930892944336,3.3334405422210693,6.277348975574269,0.26158191737006664,0.00014929999997548293,0.0006530030004796572,9.719999980006833e-05,0.3992001740007254,0.40361989199936943,0.4275213929995516,0.4207721650000167,1.652023427000131
0,98,110,111,232,215,34,2,32,13,21,0.8754564944435569,1.0,0.14285714285714288,0.14285714285714288,0.8571428571428572,34,60,0.7556813648768834,6.238673686981201,5.450342655181885,6.206024020058768,0.032649666922432985,6.315443992614746,5.526015281677246,6.2816966465541295,0.03374734606061658,0.00012599999990925426,0.0006645029998253449,0.00013040100020589307,0.4025173879999784,0.42241937200014945,0.42784209399997053,0.4014311840001028,1.6551405419995717
0,99,110,111,403,358,34,1,33,16,18,0.9754689441007727,1.0,0.08860759493670889,0.08860759493670889,0.9113924050632911,34,144,0.4471364866329145,6.011828899383545,5.5383782386779785,5.985514725310893,0.026314174072651575,6.071438312530518,5.574297904968262,6.0214343916011766,0.05000392092934103,0.0001198010004372918,0.0005632020001939964,0.00022770100076741073,0.4099794199992175,0.4203454229991621,0.4010120500006451,0.40559996999945724,1.6378580669997973
